{
    "name": "root",
    "metadata": {
        "timer_format_version": "0.1.0",
        "start_time_seconds": "1659603346",
        "python_version": "3.8.13 (default, Mar 28 2022, 06:59:08) [MSC v.1916 64 bit (AMD64)]",
        "command_line_arguments": "C:\\Users\\student\\anaconda3\\envs\\mlagents\\Scripts\\mlagents-learn config/AutoMoveAgent.yaml --run-id=2",
        "mlagents_version": "0.29.0",
        "mlagents_envs_version": "0.29.0",
        "communication_protocol_version": "1.5.0",
        "pytorch_version": "1.7.0+cu110",
        "numpy_version": "1.21.2",
        "end_time_seconds": "1659603386"
    },
    "total": 40.131248,
    "count": 1,
    "self": 0.0066575000000028695,
    "children": {
        "run_training.setup": {
            "total": 0.053869500000000015,
            "count": 1,
            "self": 0.053869500000000015
        },
        "TrainerController.start_learning": {
            "total": 40.070721,
            "count": 1,
            "self": 0.0279827999999398,
            "children": {
                "TrainerController._reset_env": {
                    "total": 19.3977438,
                    "count": 1,
                    "self": 19.018952900000002,
                    "children": {
                        "demo_to_buffer": {
                            "total": 0.3787908999999985,
                            "count": 2,
                            "self": 4.980000000287532e-05,
                            "children": {
                                "load_demonstration": {
                                    "total": 0.006521299999999286,
                                    "count": 2,
                                    "self": 0.006415799999999194,
                                    "children": {
                                        "read_file": {
                                            "total": 0.00010550000000009163,
                                            "count": 2,
                                            "self": 0.00010550000000009163
                                        }
                                    }
                                },
                                "make_demo_buffer": {
                                    "total": 0.3722197999999963,
                                    "count": 2,
                                    "self": 0.061327500000061264,
                                    "children": {
                                        "steps_from_proto": {
                                            "total": 0.31089229999993506,
                                            "count": 3264,
                                            "self": 0.1651487000000671,
                                            "children": {
                                                "_process_rank_one_or_two_observation": {
                                                    "total": 0.14574359999986797,
                                                    "count": 13056,
                                                    "self": 0.14574359999986797
                                                }
                                            }
                                        }
                                    }
                                }
                            }
                        }
                    }
                },
                "TrainerController.advance": {
                    "total": 20.536185100000058,
                    "count": 771,
                    "self": 0.0069178000001173245,
                    "children": {
                        "env_step": {
                            "total": 20.52926729999994,
                            "count": 771,
                            "self": 18.138207099999928,
                            "children": {
                                "SubprocessEnvManager._take_step": {
                                    "total": 2.3836826999998877,
                                    "count": 771,
                                    "self": 0.03520019999987767,
                                    "children": {
                                        "TorchPolicy.evaluate": {
                                            "total": 2.34848250000001,
                                            "count": 771,
                                            "self": 1.3675616000000375,
                                            "children": {
                                                "TorchPolicy.sample_actions": {
                                                    "total": 0.9809208999999726,
                                                    "count": 771,
                                                    "self": 0.9809208999999726
                                                }
                                            }
                                        }
                                    }
                                },
                                "workers": {
                                    "total": 0.007377500000124826,
                                    "count": 771,
                                    "self": 0.0,
                                    "children": {
                                        "worker_root": {
                                            "total": 21.709515300000024,
                                            "count": 771,
                                            "is_parallel": true,
                                            "self": 4.107170999999866,
                                            "children": {
                                                "steps_from_proto": {
                                                    "total": 0.0002594000000009089,
                                                    "count": 1,
                                                    "is_parallel": true,
                                                    "self": 0.00010059999999612046,
                                                    "children": {
                                                        "_process_rank_one_or_two_observation": {
                                                            "total": 0.00015880000000478844,
                                                            "count": 4,
                                                            "is_parallel": true,
                                                            "self": 0.00015880000000478844
                                                        }
                                                    }
                                                },
                                                "UnityEnvironment.step": {
                                                    "total": 17.602084900000158,
                                                    "count": 771,
                                                    "is_parallel": true,
                                                    "self": 0.04712740000018556,
                                                    "children": {
                                                        "UnityEnvironment._generate_step_input": {
                                                            "total": 0.03126600000004487,
                                                            "count": 771,
                                                            "is_parallel": true,
                                                            "self": 0.03126600000004487
                                                        },
                                                        "communicator.exchange": {
                                                            "total": 17.377209099999913,
                                                            "count": 771,
                                                            "is_parallel": true,